<?xml version="1.0" encoding="UTF-8"?>
<project-private xmlns="http://www.netbeans.org/ns/project-private/1">
    <editor-bookmarks xmlns="http://www.netbeans.org/ns/editor-bookmarks/2" lastBookmarkId="0"/>
    <open-files xmlns="http://www.netbeans.org/ns/projectui-open-files/2">
        <group>
            <file>file:/C:/Users/kheli_z5cuz9z/OneDrive/Documents/MI/Semestre%202/Mini%20Projet/ApplicationHôtel/src/applicationhôtel/Client.java</file>
            <file>file:/C:/Users/kheli_z5cuz9z/OneDrive/Documents/MI/Semestre%202/Mini%20Projet/ApplicationHôtel/src/applicationhôtel/Chambre.java</file>
            <file>file:/C:/Users/kheli_z5cuz9z/OneDrive/Documents/MI/Semestre%202/Mini%20Projet/ApplicationHôtel/src/applicationhôtel/Connecter.java</file>
            <file>file:/C:/Users/kheli_z5cuz9z/OneDrive/Documents/MI/Semestre%202/Mini%20Projet/ApplicationHôtel/src/applicationhôtel/Acceuil.java</file>
            <file>file:/C:/Users/kheli_z5cuz9z/OneDrive/Documents/MI/Semestre%202/Mini%20Projet/ApplicationHôtel/src/applicationhôtel/ApplicationHôtel.java</file>
            <file>file:/C:/Users/kheli_z5cuz9z/OneDrive/Documents/MI/Semestre%202/Mini%20Projet/ApplicationHôtel/src/applicationhôtel/Reservation.java</file>
            <file>file:/C:/Users/kheli_z5cuz9z/OneDrive/Documents/MI/Semestre%202/Mini%20Projet/ApplicationHôtel/src/applicationhôtel/Employé.java</file>
            <file>file:/C:/Users/kheli_z5cuz9z/OneDrive/Documents/MI/Semestre%202/Mini%20Projet/ApplicationHôtel/src/applicationhôtel/Interrogation.java</file>
        </group>
    </open-files>
</project-private>
